{
  "type": "FeatureCollection",
  "metadata": {
    "_source": "OSM Overpass API (https://overpass-api.de/api/interpreter, mirror https://lz4.overpass-api.de/api/interpreter) and Nominatim (https://nominatim.openstreetmap.org/search), queried 2026-08-19",
    "_note": "HONEST GAP: Pune Municipal Corporation (PMC) and Pimpri-Chinchwad Municipal Corporation (PCMC) have NO administrative boundary polygon in OpenStreetMap as of this fetch. Verified two ways: (1) Overpass search for boundary=administrative relations named \"Pune Municipal Corporation\" / \"Pimpri Chinchwad Municipal Corporation\" / admin_level 7 or 8 anywhere in the Pune bbox (18.4,73.6 to 18.8,74.0) returned zero results — only taluka-level (admin_level=6) relations exist. (2) Nominatim search for both names returns only POI buildings (the PMC head office, the PCMC head office/station) and, for the cities themselves, bare place=city POINT nodes (osm node 16174445 for Pune, osm node 1600720975 for Pimpri-Chinchwad) with no associated polygon. Ward/Prabhag-level (admin_level 9/10) boundaries were also searched for and not found. This is a real, common gap for Indian municipal-corporation boundaries in OSM, not a fetch failure — do not assume a retry will find it.",
    "_whatWasFetched": "The best real polygon granularity actually available: admin_level=6 (taluka/subdistrict) boundaries for Pune City Subdistrict and Haveli Subdistrict, which together cover essentially all of PMC + PCMC (plus substantial rural area beyond both — these are coarser than a true municipal boundary, use with that caveat). Also includes place=city center points for Pune and Pimpri-Chinchwad (population-tagged OSM nodes, real but a single point each, not a boundary).",
    "_relationIds": {
      "punCityTaluka": 10351626,
      "haveliTaluka": 10351627
    },
    "_cityPointNodeIds": {
      "pune": 16174445,
      "pimpriChinchwad": 1600720975
    },
    "_nextSteps": "To get real PMC/PCMC polygons, options are: (a) digitize from the PMC/PCMC GIS portals if they publish one, (b) trace from an official ward-map PDF, (c) approximate PMC/PCMC extent as the union/intersection of these taluka polygons with the known seeded-locality points in src/data/localities.pune.json, honestly labeled as an approximation. None of these were attempted here — flagging for a follow-up decision rather than guessing."
  },
  "features": [
    {
      "type": "Feature",
      "id": "relation/10351626",
      "properties": {
        "admin_level": "6",
        "boundary": "administrative",
        "name": "Pune City Subdistrict",
        "name:ar": "مدينة بونه",
        "name:en": "Pune City Subdistrict",
        "name:ko": "푸네",
        "name:mr": "पुणे शहर तालुका",
        "name:ur": "شہر پونے",
        "ref:LGD:subdistrict": "4194",
        "type": "boundary",
        "wikidata": "Q7260101",
        "id": "relation/10351626",
        "_label": "Pune City Subdistrict (taluka, admin_level 6) — NOT the PMC municipal boundary, coarser than it"
      },
      "geometry": {
        "type": "Polygon",
        "coordinates": [
          [
            [
              73.772335,
              18.4888891
            ],
            [
              73.7754035,
              18.4874034
            ],
            [
              73.7767339,
              18.4852056
            ],
            [
              73.7770343,
              18.4802807
            ],
            [
              73.7848234,
              18.4799347
            ],
            [
              73.7874412,
              18.4793852
            ],
            [
              73.7923121,
              18.4786526
            ],
            [
              73.7932777,
              18.4773908
            ],
            [
              73.7950372,
              18.4756812
            ],
            [
              73.7929773,
              18.4736257
            ],
            [
              73.7905097,
              18.4717126
            ],
            [
              73.7870979,
              18.469657
            ],
            [
              73.7871086,
              18.4690973
            ],
            [
              73.7879133,
              18.4692805
            ],
            [
              73.7888682,
              18.4699623
            ],
            [
              73.7910783,
              18.4704609
            ],
            [
              73.7929344,
              18.4712547
            ],
            [
              73.7935674,
              18.4711427
            ],
            [
              73.7940073,
              18.4705322
            ],
            [
              73.7960136,
              18.4699623
            ],
            [
              73.7983632,
              18.4697588
            ],
            [
              73.7996506,
              18.4655254
            ],
            [
              73.8001871,
              18.4615362
            ],
            [
              73.8013458,
              18.4594398
            ],
            [
              73.8017535,
              18.4572416
            ],
            [
              73.798213,
              18.455939
            ],
            [
              73.7954235,
              18.4512167
            ],
            [
              73.7965715,
              18.447675
            ],
            [
              73.802247,
              18.4471661
            ],
            [
              73.8069677,
              18.4473697
            ],
            [
              73.8071179,
              18.4447846
            ],
            [
              73.8074183,
              18.4436243
            ],
            [
              73.8095426,
              18.444866
            ],
            [
              73.8096949,
              18.4452994
            ],
            [
              73.8103795,
              18.4472476
            ],
            [
              73.8111628,
              18.4472373
            ],
            [
              73.8183615,
              18.4471426
            ],
            [
              73.8196707,
              18.4471254
            ],
            [
              73.8179816,
              18.452818
            ],
            [
              73.8173023,
              18.4551075
            ],
            [
              73.8168382,
              18.4566717
            ],
            [
              73.8130188,
              18.4584018
            ],
            [
              73.8131261,
              18.4592668
            ],
            [
              73.8158432,
              18.4596437
            ],
            [
              73.8159792,
              18.4596625
            ],
            [
              73.8199496,
              18.4602132
            ],
            [
              73.8247561,
              18.4622893
            ],
            [
              73.8257003,
              18.4610477
            ],
            [
              73.8256788,
              18.458992
            ],
            [
              73.8270173,
              18.4583842
            ],
            [
              73.8308286,
              18.4601522
            ],
            [
              73.8346696,
              18.4629202
            ],
            [
              73.8361931,
              18.4648334
            ],
            [
              73.8394332,
              18.4646096
            ],
            [
              73.8401198,
              18.4630627
            ],
            [
              73.841815,
              18.4631034
            ],
            [
              73.8419437,
              18.4615362
            ],
            [
              73.8455057,
              18.4615362
            ],
            [
              73.8449478,
              18.4601522
            ],
            [
              73.8428557,
              18.4576894
            ],
            [
              73.839916,
              18.4537203
            ],
            [
              73.8433148,
              18.4527278
            ],
            [
              73.8450273,
              18.4521774
            ],
            [
              73.8467764,
              18.451661
            ],
            [
              73.8459027,
              18.4507791
            ],
            [
              73.8451239,
              18.4501281
            ],
            [
              73.84341,
              18.4488157
            ],
            [
              73.8431024,
              18.4485706
            ],
            [
              73.8420188,
              18.4477055
            ],
            [
              73.8423729,
              18.4469219
            ],
            [
              73.8422656,
              18.445843
            ],
            [
              73.842845,
              18.4450288
            ],
            [
              73.8434458,
              18.444123
            ],
            [
              73.843478,
              18.4431765
            ],
            [
              73.843714,
              18.4419551
            ],
            [
              73.8440642,
              18.4415821
            ],
            [
              73.8444328,
              18.4412325
            ],
            [
              73.8472867,
              18.4403776
            ],
            [
              73.8487458,
              18.4418635
            ],
            [
              73.8496256,
              18.4415684
            ],
            [
              73.850441,
              18.4404895
            ],
            [
              73.8512242,
              18.4406218
            ],
            [
              73.8517606,
              18.439258
            ],
            [
              73.8526833,
              18.4376702
            ],
            [
              73.8535309,
              18.4369781
            ],
            [
              73.8539171,
              18.4351359
            ],
            [
              73.8549256,
              18.4336905
            ],
            [
              73.8583588,
              18.4334463
            ],
            [
              73.8598609,
              18.4353801
            ],
            [
              73.8629079,
              18.4341995
            ],
            [
              73.8641739,
              18.4323063
            ],
            [
              73.8661909,
              18.4328152
            ],
            [
              73.869195,
              18.4384336
            ],
            [
              73.8702249,
              18.4390239
            ],
            [
              73.8720274,
              18.4375583
            ],
            [
              73.8743233,
              18.4375379
            ],
            [
              73.8761043,
              18.4391868
            ],
            [
              73.8771558,
              18.4372326
            ],
            [
              73.8777351,
              18.4352783
            ],
            [
              73.8787436,
              18.4306777
            ],
            [
              73.8793659,
              18.429497
            ],
            [
              73.8801384,
              18.4324488
            ],
            [
              73.8804602,
              18.434403
            ],
            [
              73.8811602,
              18.4374848
            ],
            [
              73.8812971,
              18.4380875
            ],
            [
              73.8855886,
              18.4406931
            ],
            [
              73.8902235,
              18.4408152
            ],
            [
              73.8900518,
              18.4451306
            ],
            [
              73.8904313,
              18.4449115
            ],
            [
              73.8910389,
              18.4445607
            ],
            [
              73.8933348,
              18.4444792
            ],
            [
              73.8954806,
              18.4390443
            ],
            [
              73.8999867,
              18.440001
            ],
            [
              73.8978195,
              18.444296
            ],
            [
              73.896575,
              18.4497512
            ],
            [
              73.8973045,
              18.4542699
            ],
            [
              73.8999009,
              18.455308
            ],
            [
              73.9027333,
              18.4567531
            ],
            [
              73.9052224,
              18.4586867
            ],
            [
              73.9093208,
              18.4580354
            ],
            [
              73.917861,
              18.4610884
            ],
            [
              73.9192343,
              18.4610884
            ],
            [
              73.9213586,
              18.460315
            ],
            [
              73.9226675,
              18.460254
            ],
            [
              73.9234829,
              18.4587681
            ],
            [
              73.9245987,
              18.4578726
            ],
            [
              73.9256716,
              18.4581168
            ],
            [
              73.9270663,
              18.4603964
            ],
            [
              73.9282465,
              18.4623911
            ],
            [
              73.9297485,
              18.4630424
            ],
            [
              73.9368081,
              18.4642636
            ],
            [
              73.9404344,
              18.4645689
            ],
            [
              73.9423442,
              18.4676828
            ],
            [
              73.9435029,
              18.4699216
            ],
            [
              73.9439535,
              18.4719975
            ],
            [
              73.9443826,
              18.4803417
            ],
            [
              73.9466572,
              18.4854905
            ],
            [
              73.9484596,
              18.4895198
            ],
            [
              73.9491248,
              18.4915752
            ],
            [
              73.9501977,
              18.4940985
            ],
            [
              73.9508812,
              18.4940187
            ],
            [
              73.9557767,
              18.4934474
            ],
            [
              73.9572143,
              18.5035405
            ],
            [
              73.9513778,
              18.5047614
            ],
            [
              73.9484167,
              18.5035405
            ],
            [
              73.9429664,
              18.5022382
            ],
            [
              73.9440822,
              18.5055346
            ],
            [
              73.945198,
              18.507488
            ],
            [
              73.9451122,
              18.510296
            ],
            [
              73.9392328,
              18.5107437
            ],
            [
              73.9324522,
              18.5112727
            ],
            [
              73.9328813,
              18.5151794
            ],
            [
              73.9330101,
              18.5187197
            ],
            [
              73.9331817,
              18.521202
            ],
            [
              73.9351558,
              18.523847
            ],
            [
              73.9424514,
              18.5247015
            ],
            [
              73.9430522,
              18.5256781
            ],
            [
              73.9477729,
              18.5231552
            ],
            [
              73.9542961,
              18.5228704
            ],
            [
              73.955841,
              18.5341824
            ],
            [
              73.9579439,
              18.5367458
            ],
            [
              73.9606046,
              18.5413436
            ],
            [
              73.9618492,
              18.5428491
            ],
            [
              73.9631366,
              18.543378
            ],
            [
              73.9633083,
              18.5445172
            ],
            [
              73.9699602,
              18.5428898
            ],
            [
              73.9717626,
              18.5419539
            ],
            [
              73.9739513,
              18.5394313
            ],
            [
              73.9753675,
              18.5473653
            ],
            [
              73.9755821,
              18.5520035
            ],
            [
              73.9750242,
              18.5576587
            ],
            [
              73.9737367,
              18.562622
            ],
            [
              73.9748923,
              18.5693881
            ],
            [
              73.9748954,
              18.5694159
            ],
            [
              73.9779853,
              18.5695379
            ],
            [
              73.9782857,
              18.5711245
            ],
            [
              73.981204,
              18.5707177
            ],
            [
              73.9813327,
              18.5699041
            ],
            [
              73.9865684,
              18.569782
            ],
            [
              73.9938211,
              18.5680734
            ],
            [
              73.9988422,
              18.5683989
            ],
            [
              73.998928,
              18.56966
            ],
            [
              74.003992,
              18.5695379
            ],
            [
              74.0061378,
              18.5790164
            ],
            [
              74.0081977,
              18.5831249
            ],
            [
              74.0160512,
              18.588657
            ],
            [
              74.020214,
              18.5918704
            ],
            [
              74.0199995,
              18.5936194
            ],
            [
              74.0188837,
              18.5953685
            ],
            [
              74.0184974,
              18.5991919
            ],
            [
              74.0161371,
              18.601917
            ],
            [
              74.0143776,
              18.6022017
            ],
            [
              74.0124034,
              18.6050488
            ],
            [
              74.0074682,
              18.6092381
            ],
            [
              74.0035629,
              18.6124104
            ],
            [
              73.9987993,
              18.6096041
            ],
            [
              73.9934778,
              18.6064724
            ],
            [
              73.9917817,
              18.6061505
            ],
            [
              73.9895725,
              18.6058216
            ],
            [
              73.9863109,
              18.6044794
            ],
            [
              73.9850235,
              18.604032
            ],
            [
              73.9815902,
              18.601917
            ],
            [
              73.979659,
              18.6009815
            ],
            [
              73.9759683,
              18.6005748
            ],
            [
              73.9718055,
              18.6005748
            ],
            [
              73.9692735,
              18.6031779
            ],
            [
              73.9660978,
              18.606025
            ],
            [
              73.9618492,
              18.6057809
            ],
            [
              73.9615488,
              18.5997613
            ],
            [
              73.9613771,
              18.596548
            ],
            [
              73.9592313,
              18.5965887
            ],
            [
              73.9586758,
              18.5942946
            ],
            [
              73.9586305,
              18.5941075
            ],
            [
              73.9581766,
              18.5923339
            ],
            [
              73.9570745,
              18.5880276
            ],
            [
              73.9569139,
              18.5868265
            ],
            [
              73.9560127,
              18.5802774
            ],
            [
              73.9562273,
              18.5786503
            ],
            [
              73.9541244,
              18.5720602
            ],
            [
              73.9528799,
              18.5711245
            ],
            [
              73.9524478,
              18.5707529
            ],
            [
              73.9483738,
              18.5681548
            ],
            [
              73.9461422,
              18.5659987
            ],
            [
              73.9444255,
              18.5671377
            ],
            [
              73.9465713,
              18.5685616
            ],
            [
              73.9462709,
              18.5693345
            ],
            [
              73.9441251,
              18.5701075
            ],
            [
              73.9429664,
              18.5731585
            ],
            [
              73.9447689,
              18.5738908
            ],
            [
              73.9445972,
              18.5760468
            ],
            [
              73.941636,
              18.5764536
            ],
            [
              73.9418506,
              18.5798706
            ],
            [
              73.9443826,
              18.5793011
            ],
            [
              73.9436531,
              18.5823113
            ],
            [
              73.9430952,
              18.5867045
            ],
            [
              73.9434814,
              18.5917077
            ],
            [
              73.9304351,
              18.5949617
            ],
            [
              73.9273023,
              18.594677
            ],
            [
              73.925414,
              18.5965074
            ],
            [
              73.9212942,
              18.5969141
            ],
            [
              73.9172172,
              18.5969548
            ],
            [
              73.9096874,
              18.5968948
            ],
            [
              73.9083767,
              18.5969141
            ],
            [
              73.9079475,
              18.5995579
            ],
            [
              73.9079475,
              18.6017136
            ],
            [
              73.9076042,
              18.604276
            ],
            [
              73.9064884,
              18.6094007
            ],
            [
              73.905158,
              18.6176569
            ],
            [
              73.888893,
              18.6208699
            ],
            [
              73.8854597,
              18.6120852
            ],
            [
              73.8819408,
              18.5957346
            ],
            [
              73.8684653,
              18.6004528
            ],
            [
              73.8654613,
              18.5955719
            ],
            [
              73.8633155,
              18.5869486
            ],
            [
              73.8591956,
              18.5867045
            ],
            [
              73.8597965,
              18.5836537
            ],
            [
              73.859024,
              18.5835723
            ],
            [
              73.8559556,
              18.5826164
            ],
            [
              73.8536811,
              18.5814571
            ],
            [
              73.8522219,
              18.5779384
            ],
            [
              73.8510418,
              18.5751315
            ],
            [
              73.8492822,
              18.573667
            ],
            [
              73.8474798,
              18.5729958
            ],
            [
              73.8449693,
              18.5726907
            ],
            [
              73.8418364,
              18.573606
            ],
            [
              73.8389396,
              18.5750298
            ],
            [
              73.8373947,
              18.5751111
            ],
            [
              73.8363211,
              18.5750725
            ],
            [
              73.8356995,
              18.5750501
            ],
            [
              73.8342404,
              18.5743992
            ],
            [
              73.8320946,
              18.5733009
            ],
            [
              73.8309145,
              18.570677
            ],
            [
              73.829112,
              18.5685616
            ],
            [
              73.8271379,
              18.5683989
            ],
            [
              73.824563,
              18.5689684
            ],
            [
              73.8209581,
              18.5693345
            ],
            [
              73.8160228,
              18.568887
            ],
            [
              73.8128471,
              18.5681141
            ],
            [
              73.8096284,
              18.5679514
            ],
            [
              73.8091993,
              18.5682361
            ],
            [
              73.8040494,
              18.5692125
            ],
            [
              73.8019037,
              18.5693752
            ],
            [
              73.8003587,
              18.5691718
            ],
            [
              73.7979126,
              18.5682768
            ],
            [
              73.7964105,
              18.5671377
            ],
            [
              73.793621,
              18.5643714
            ],
            [
              73.7925052,
              18.5637611
            ],
            [
              73.7911319,
              18.5638425
            ],
            [
              73.7897586,
              18.564168
            ],
            [
              73.7883853,
              18.5653477
            ],
            [
              73.7882995,
              18.5665682
            ],
            [
              73.7888574,
              18.5679107
            ],
            [
              73.7899303,
              18.5690905
            ],
            [
              73.7898874,
              18.5706363
            ],
            [
              73.789587,
              18.5720195
            ],
            [
              73.7884283,
              18.572711
            ],
            [
              73.7841796,
              18.5756807
            ],
            [
              73.7812185,
              18.5781214
            ],
            [
              73.7800169,
              18.5808469
            ],
            [
              73.7790298,
              18.5848333
            ],
            [
              73.7776351,
              18.5873756
            ],
            [
              73.7770128,
              18.5879858
            ],
            [
              73.7750815,
              18.5889824
            ],
            [
              73.7727641,
              18.5885757
            ],
            [
              73.7685584,
              18.5887384
            ],
            [
              73.7622928,
              18.5902027
            ],
            [
              73.761692,
              18.5875994
            ],
            [
              73.7622713,
              18.5831707
            ],
            [
              73.7624644,
              18.5753146
            ],
            [
              73.7631511,
              18.5714093
            ],
            [
              73.7634367,
              18.5706131
            ],
            [
              73.7638807,
              18.5693751
            ],
            [
              73.7639332,
              18.5692287
            ],
            [
              73.7642333,
              18.5683922
            ],
            [
              73.7646102,
              18.5673412
            ],
            [
              73.7653827,
              18.5605065
            ],
            [
              73.7638377,
              18.5569264
            ],
            [
              73.7642542,
              18.5538332
            ],
            [
              73.7643527,
              18.553102
            ],
            [
              73.7658955,
              18.5515889
            ],
            [
              73.7662672,
              18.5512244
            ],
            [
              73.7668418,
              18.5506609
            ],
            [
              73.7683868,
              18.5479757
            ],
            [
              73.7653672,
              18.5428068
            ],
            [
              73.7652969,
              18.5426864
            ],
            [
              73.7627219,
              18.5405706
            ],
            [
              73.7593745,
              18.5382921
            ],
            [
              73.753538,
              18.5360949
            ],
            [
              73.7498473,
              18.5331652
            ],
            [
              73.7511348,
              18.5303169
            ],
            [
              73.7538814,
              18.5293403
            ],
            [
              73.7573146,
              18.5293403
            ],
            [
              73.7637894,
              18.5279059
            ],
            [
              73.7638055,
              18.5273262
            ],
            [
              73.7637948,
              18.5268379
            ],
            [
              73.7630008,
              18.5244574
            ],
            [
              73.7620953,
              18.5222772
            ],
            [
              73.7610911,
              18.5198592
            ],
            [
              73.7612628,
              18.5181094
            ],
            [
              73.7610535,
              18.5119289
            ],
            [
              73.7605333,
              18.5075288
            ],
            [
              73.7615203,
              18.503805
            ],
            [
              73.7646103,
              18.498962
            ],
            [
              73.7692022,
              18.4927351
            ],
            [
              73.772335,
              18.4888891
            ]
          ]
        ]
      }
    },
    {
      "type": "Feature",
      "id": "relation/10351627",
      "properties": {
        "admin_level": "6",
        "boundary": "administrative",
        "name": "Haveli Subdistrict",
        "name:en": "Haveli Subdistrict",
        "name:mr": "हवेली तालुका",
        "ref:LGD:subdistrict": "4193",
        "type": "boundary",
        "wikidata": "Q3309810",
        "wikipedia": "en:Haveli taluka",
        "id": "relation/10351627",
        "_label": "Haveli Subdistrict (taluka, admin_level 6) — surrounds PMC/PCMC, includes rural area well beyond both, NOT a municipal boundary"
      },
      "geometry": {
        "type": "Polygon",
        "coordinates": [
          [
            [
              73.7244415,
              18.7081632
            ],
            [
              73.7206649,
              18.7066593
            ],
            [
              73.7196779,
              18.7031228
            ],
            [
              73.71912,
              18.7005619
            ],
            [
              73.7182188,
              18.6983262
            ],
            [
              73.7180042,
              18.6965375
            ],
            [
              73.7159013,
              18.6884479
            ],
            [
              73.7127256,
              18.6889357
            ],
            [
              73.7113523,
              18.6884072
            ],
            [
              73.7113523,
              18.6790568
            ],
            [
              73.7101507,
              18.6722673
            ],
            [
              73.7107944,
              18.6590942
            ],
            [
              73.7162875,
              18.6563293
            ],
            [
              73.7164996,
              18.6554854
            ],
            [
              73.7198924,
              18.6546215
            ],
            [
              73.7222957,
              18.6529951
            ],
            [
              73.7233256,
              18.6496609
            ],
            [
              73.7254714,
              18.6476278
            ],
            [
              73.7316512,
              18.6433988
            ],
            [
              73.7340545,
              18.6425042
            ],
            [
              73.7354278,
              18.6442121
            ],
            [
              73.737831,
              18.6464079
            ],
            [
              73.7398051,
              18.6442934
            ],
            [
              73.7421226,
              18.6423416
            ],
            [
              73.7445258,
              18.6413656
            ],
            [
              73.7471866,
              18.6416909
            ],
            [
              73.7513923,
              18.6420162
            ],
            [
              73.7538814,
              18.6398204
            ],
            [
              73.7538814,
              18.6361606
            ],
            [
              73.7539672,
              18.633314
            ],
            [
              73.755598,
              18.630142
            ],
            [
              73.7594604,
              18.628678
            ],
            [
              73.7637519,
              18.627214
            ],
            [
              73.7677001,
              18.6261566
            ],
            [
              73.772335,
              18.6268887
            ],
            [
              73.7750815,
              18.6287593
            ],
            [
              73.7778281,
              18.6294913
            ],
            [
              73.7782493,
              18.628194
            ],
            [
              73.7788581,
              18.6263193
            ],
            [
              73.7840079,
              18.6196497
            ],
            [
              73.7853812,
              18.6179416
            ],
            [
              73.7848662,
              18.614688
            ],
            [
              73.7838363,
              18.6127358
            ],
            [
              73.7818622,
              18.6106209
            ],
            [
              73.7800597,
              18.6089127
            ],
            [
              73.7773131,
              18.6042761
            ],
            [
              73.7802637,
              18.5994766
            ],
            [
              73.781063,
              18.5983123
            ],
            [
              73.7810039,
              18.5964514
            ],
            [
              73.7810415,
              18.5935381
            ],
            [
              73.7800401,
              18.5915369
            ],
            [
              73.7791371,
              18.5893383
            ],
            [
              73.7776351,
              18.5873756
            ],
            [
              73.7790298,
              18.5848333
            ],
            [
              73.7800169,
              18.5808469
            ],
            [
              73.7812185,
              18.5781214
            ],
            [
              73.7841796,
              18.5756807
            ],
            [
              73.7884283,
              18.572711
            ],
            [
              73.789587,
              18.5720195
            ],
            [
              73.7898874,
              18.5706363
            ],
            [
              73.7899303,
              18.5690905
            ],
            [
              73.7888574,
              18.5679107
            ],
            [
              73.7882995,
              18.5665682
            ],
            [
              73.7883853,
              18.5653477
            ],
            [
              73.7897586,
              18.564168
            ],
            [
              73.7911319,
              18.5638425
            ],
            [
              73.7925052,
              18.5637611
            ],
            [
              73.793621,
              18.5643714
            ],
            [
              73.7964105,
              18.5671377
            ],
            [
              73.7979126,
              18.5682768
            ],
            [
              73.8003587,
              18.5691718
            ],
            [
              73.8019037,
              18.5693752
            ],
            [
              73.8040494,
              18.5692125
            ],
            [
              73.8091993,
              18.5682361
            ],
            [
              73.8096284,
              18.5679514
            ],
            [
              73.8128471,
              18.5681141
            ],
            [
              73.8160228,
              18.568887
            ],
            [
              73.8209581,
              18.5693345
            ],
            [
              73.824563,
              18.5689684
            ],
            [
              73.8271379,
              18.5683989
            ],
            [
              73.829112,
              18.5685616
            ],
            [
              73.8309145,
              18.570677
            ],
            [
              73.8320946,
              18.5733009
            ],
            [
              73.8342404,
              18.5743992
            ],
            [
              73.8356995,
              18.5750501
            ],
            [
              73.8363211,
              18.5750725
            ],
            [
              73.8373947,
              18.5751111
            ],
            [
              73.8389396,
              18.5750298
            ],
            [
              73.8418364,
              18.573606
            ],
            [
              73.8449693,
              18.5726907
            ],
            [
              73.8474798,
              18.5729958
            ],
            [
              73.8492822,
              18.573667
            ],
            [
              73.8510418,
              18.5751315
            ],
            [
              73.8522219,
              18.5779384
            ],
            [
              73.8536811,
              18.5814571
            ],
            [
              73.8559556,
              18.5826164
            ],
            [
              73.859024,
              18.5835723
            ],
            [
              73.8597965,
              18.5836537
            ],
            [
              73.8591956,
              18.5867045
            ],
            [
              73.8633155,
              18.5869486
            ],
            [
              73.8654613,
              18.5955719
            ],
            [
              73.8684653,
              18.6004528
            ],
            [
              73.8819408,
              18.5957346
            ],
            [
              73.8854597,
              18.6120852
            ],
            [
              73.888893,
              18.6208699
            ],
            [
              73.905158,
              18.6176569
            ],
            [
              73.9064884,
              18.6094007
            ],
            [
              73.9076042,
              18.604276
            ],
            [
              73.9079475,
              18.6017136
            ],
            [
              73.9079475,
              18.5995579
            ],
            [
              73.9083767,
              18.5969141
            ],
            [
              73.9096874,
              18.5968948
            ],
            [
              73.9172172,
              18.5969548
            ],
            [
              73.9212942,
              18.5969141
            ],
            [
              73.925414,
              18.5965074
            ],
            [
              73.9273023,
              18.594677
            ],
            [
              73.9304351,
              18.5949617
            ],
            [
              73.9434814,
              18.5917077
            ],
            [
              73.9430952,
              18.5867045
            ],
            [
              73.9436531,
              18.5823113
            ],
            [
              73.9443826,
              18.5793011
            ],
            [
              73.9418506,
              18.5798706
            ],
            [
              73.941636,
              18.5764536
            ],
            [
              73.9445972,
              18.5760468
            ],
            [
              73.9447689,
              18.5738908
            ],
            [
              73.9429664,
              18.5731585
            ],
            [
              73.9441251,
              18.5701075
            ],
            [
              73.9462709,
              18.5693345
            ],
            [
              73.9465713,
              18.5685616
            ],
            [
              73.9444255,
              18.5671377
            ],
            [
              73.9461422,
              18.5659987
            ],
            [
              73.9483738,
              18.5681548
            ],
            [
              73.9524478,
              18.5707529
            ],
            [
              73.9528799,
              18.5711245
            ],
            [
              73.9541244,
              18.5720602
            ],
            [
              73.9562273,
              18.5786503
            ],
            [
              73.9560127,
              18.5802774
            ],
            [
              73.9569139,
              18.5868265
            ],
            [
              73.9570745,
              18.5880276
            ],
            [
              73.9581766,
              18.5923339
            ],
            [
              73.9586305,
              18.5941075
            ],
            [
              73.9586758,
              18.5942946
            ],
            [
              73.9592313,
              18.5965887
            ],
            [
              73.9613771,
              18.596548
            ],
            [
              73.9615488,
              18.5997613
            ],
            [
              73.9618492,
              18.6057809
            ],
            [
              73.9660978,
              18.606025
            ],
            [
              73.9692735,
              18.6031779
            ],
            [
              73.9718055,
              18.6005748
            ],
            [
              73.9759683,
              18.6005748
            ],
            [
              73.979659,
              18.6009815
            ],
            [
              73.9815902,
              18.601917
            ],
            [
              73.9850235,
              18.604032
            ],
            [
              73.9863109,
              18.6044794
            ],
            [
              73.9895725,
              18.6058216
            ],
            [
              73.9917817,
              18.6061505
            ],
            [
              73.9934778,
              18.6064724
            ],
            [
              73.9987993,
              18.6096041
            ],
            [
              74.0035629,
              18.6124104
            ],
            [
              74.0074682,
              18.6092381
            ],
            [
              74.0124034,
              18.6050488
            ],
            [
              74.0143776,
              18.6022017
            ],
            [
              74.0161371,
              18.601917
            ],
            [
              74.0184974,
              18.5991919
            ],
            [
              74.0188837,
              18.5953685
            ],
            [
              74.0199995,
              18.5936194
            ],
            [
              74.020214,
              18.5918704
            ],
            [
              74.0160512,
              18.588657
            ],
            [
              74.0081977,
              18.5831249
            ],
            [
              74.0061378,
              18.5790164
            ],
            [
              74.003992,
              18.5695379
            ],
            [
              73.998928,
              18.56966
            ],
            [
              73.9988422,
              18.5683989
            ],
            [
              73.9938211,
              18.5680734
            ],
            [
              73.9865684,
              18.569782
            ],
            [
              73.9813327,
              18.5699041
            ],
            [
              73.981204,
              18.5707177
            ],
            [
              73.9782857,
              18.5711245
            ],
            [
              73.9779853,
              18.5695379
            ],
            [
              73.9748954,
              18.5694159
            ],
            [
              73.9748923,
              18.5693881
            ],
            [
              73.9737367,
              18.562622
            ],
            [
              73.9750242,
              18.5576587
            ],
            [
              73.9755821,
              18.5520035
            ],
            [
              73.9753675,
              18.5473653
            ],
            [
              73.9739513,
              18.5394313
            ],
            [
              73.9717626,
              18.5419539
            ],
            [
              73.9699602,
              18.5428898
            ],
            [
              73.9633083,
              18.5445172
            ],
            [
              73.9631366,
              18.543378
            ],
            [
              73.9618492,
              18.5428491
            ],
            [
              73.9606046,
              18.5413436
            ],
            [
              73.9579439,
              18.5367458
            ],
            [
              73.955841,
              18.5341824
            ],
            [
              73.9542961,
              18.5228704
            ],
            [
              73.9477729,
              18.5231552
            ],
            [
              73.9430522,
              18.5256781
            ],
            [
              73.9424514,
              18.5247015
            ],
            [
              73.9351558,
              18.523847
            ],
            [
              73.9331817,
              18.521202
            ],
            [
              73.9330101,
              18.5187197
            ],
            [
              73.9328813,
              18.5151794
            ],
            [
              73.9324522,
              18.5112727
            ],
            [
              73.9392328,
              18.5107437
            ],
            [
              73.9451122,
              18.510296
            ],
            [
              73.945198,
              18.507488
            ],
            [
              73.9440822,
              18.5055346
            ],
            [
              73.9429664,
              18.5022382
            ],
            [
              73.9484167,
              18.5035405
            ],
            [
              73.9513778,
              18.5047614
            ],
            [
              73.9572143,
              18.5035405
            ],
            [
              73.9557767,
              18.4934474
            ],
            [
              73.9508812,
              18.4940187
            ],
            [
              73.9501977,
              18.4940985
            ],
            [
              73.9491248,
              18.4915752
            ],
            [
              73.9484596,
              18.4895198
            ],
            [
              73.9466572,
              18.4854905
            ],
            [
              73.9443826,
              18.4803417
            ],
            [
              73.9439535,
              18.4719975
            ],
            [
              73.9435029,
              18.4699216
            ],
            [
              73.9423442,
              18.4676828
            ],
            [
              73.9404344,
              18.4645689
            ],
            [
              73.9368081,
              18.4642636
            ],
            [
              73.9297485,
              18.4630424
            ],
            [
              73.9282465,
              18.4623911
            ],
            [
              73.9270663,
              18.4603964
            ],
            [
              73.9256716,
              18.4581168
            ],
            [
              73.9245987,
              18.4578726
            ],
            [
              73.9234829,
              18.4587681
            ],
            [
              73.9226675,
              18.460254
            ],
            [
              73.9213586,
              18.460315
            ],
            [
              73.9192343,
              18.4610884
            ],
            [
              73.917861,
              18.4610884
            ],
            [
              73.9093208,
              18.4580354
            ],
            [
              73.9052224,
              18.4586867
            ],
            [
              73.9027333,
              18.4567531
            ],
            [
              73.8999009,
              18.455308
            ],
            [
              73.8973045,
              18.4542699
            ],
            [
              73.896575,
              18.4497512
            ],
            [
              73.8978195,
              18.444296
            ],
            [
              73.8999867,
              18.440001
            ],
            [
              73.8954806,
              18.4390443
            ],
            [
              73.8933348,
              18.4444792
            ],
            [
              73.8910389,
              18.4445607
            ],
            [
              73.8904313,
              18.4449115
            ],
            [
              73.8900518,
              18.4451306
            ],
            [
              73.8902235,
              18.4408152
            ],
            [
              73.8855886,
              18.4406931
            ],
            [
              73.8812971,
              18.4380875
            ],
            [
              73.8811602,
              18.4374848
            ],
            [
              73.8804602,
              18.434403
            ],
            [
              73.8801384,
              18.4324488
            ],
            [
              73.8793659,
              18.429497
            ],
            [
              73.8787436,
              18.4306777
            ],
            [
              73.8777351,
              18.4352783
            ],
            [
              73.8771558,
              18.4372326
            ],
            [
              73.8761043,
              18.4391868
            ],
            [
              73.8743233,
              18.4375379
            ],
            [
              73.8720274,
              18.4375583
            ],
            [
              73.8702249,
              18.4390239
            ],
            [
              73.869195,
              18.4384336
            ],
            [
              73.8661909,
              18.4328152
            ],
            [
              73.8641739,
              18.4323063
            ],
            [
              73.8629079,
              18.4341995
            ],
            [
              73.8598609,
              18.4353801
            ],
            [
              73.8583588,
              18.4334463
            ],
            [
              73.8549256,
              18.4336905
            ],
            [
              73.8539171,
              18.4351359
            ],
            [
              73.8535309,
              18.4369781
            ],
            [
              73.8526833,
              18.4376702
            ],
            [
              73.8517606,
              18.439258
            ],
            [
              73.8512242,
              18.4406218
            ],
            [
              73.850441,
              18.4404895
            ],
            [
              73.8496256,
              18.4415684
            ],
            [
              73.8487458,
              18.4418635
            ],
            [
              73.8472867,
              18.4403776
            ],
            [
              73.8444328,
              18.4412325
            ],
            [
              73.8440642,
              18.4415821
            ],
            [
              73.843714,
              18.4419551
            ],
            [
              73.843478,
              18.4431765
            ],
            [
              73.8434458,
              18.444123
            ],
            [
              73.842845,
              18.4450288
            ],
            [
              73.8422656,
              18.445843
            ],
            [
              73.8423729,
              18.4469219
            ],
            [
              73.8420188,
              18.4477055
            ],
            [
              73.8431024,
              18.4485706
            ],
            [
              73.84341,
              18.4488157
            ],
            [
              73.8451239,
              18.4501281
            ],
            [
              73.8459027,
              18.4507791
            ],
            [
              73.8467764,
              18.451661
            ],
            [
              73.8450273,
              18.4521774
            ],
            [
              73.8433148,
              18.4527278
            ],
            [
              73.839916,
              18.4537203
            ],
            [
              73.8428557,
              18.4576894
            ],
            [
              73.8449478,
              18.4601522
            ],
            [
              73.8455057,
              18.4615362
            ],
            [
              73.8419437,
              18.4615362
            ],
            [
              73.841815,
              18.4631034
            ],
            [
              73.8401198,
              18.4630627
            ],
            [
              73.8394332,
              18.4646096
            ],
            [
              73.8361931,
              18.4648334
            ],
            [
              73.8346696,
              18.4629202
            ],
            [
              73.8308286,
              18.4601522
            ],
            [
              73.8270173,
              18.4583842
            ],
            [
              73.8256788,
              18.458992
            ],
            [
              73.8257003,
              18.4610477
            ],
            [
              73.8247561,
              18.4622893
            ],
            [
              73.8199496,
              18.4602132
            ],
            [
              73.8159792,
              18.4596625
            ],
            [
              73.8158432,
              18.4596437
            ],
            [
              73.8131261,
              18.4592668
            ],
            [
              73.8130188,
              18.4584018
            ],
            [
              73.8168382,
              18.4566717
            ],
            [
              73.8173023,
              18.4551075
            ],
            [
              73.8179816,
              18.452818
            ],
            [
              73.8196707,
              18.4471254
            ],
            [
              73.8183615,
              18.4471426
            ],
            [
              73.8111628,
              18.4472373
            ],
            [
              73.8103795,
              18.4472476
            ],
            [
              73.8096949,
              18.4452994
            ],
            [
              73.8095426,
              18.444866
            ],
            [
              73.8074183,
              18.4436243
            ],
            [
              73.8071179,
              18.4447846
            ],
            [
              73.8069677,
              18.4473697
            ],
            [
              73.802247,
              18.4471661
            ],
            [
              73.7965715,
              18.447675
            ],
            [
              73.7954235,
              18.4512167
            ],
            [
              73.798213,
              18.455939
            ],
            [
              73.8017535,
              18.4572416
            ],
            [
              73.8013458,
              18.4594398
            ],
            [
              73.8001871,
              18.4615362
            ],
            [
              73.7996506,
              18.4655254
            ],
            [
              73.7983632,
              18.4697588
            ],
            [
              73.7960136,
              18.4699623
            ],
            [
              73.7940073,
              18.4705322
            ],
            [
              73.7935674,
              18.4711427
            ],
            [
              73.7929344,
              18.4712547
            ],
            [
              73.7910783,
              18.4704609
            ],
            [
              73.7888682,
              18.4699623
            ],
            [
              73.7879133,
              18.4692805
            ],
            [
              73.7871086,
              18.4690973
            ],
            [
              73.7870979,
              18.469657
            ],
            [
              73.7905097,
              18.4717126
            ],
            [
              73.7929773,
              18.4736257
            ],
            [
              73.7950372,
              18.4756812
            ],
            [
              73.7932777,
              18.4773908
            ],
            [
              73.7923121,
              18.4786526
            ],
            [
              73.7874412,
              18.4793852
            ],
            [
              73.7848234,
              18.4799347
            ],
            [
              73.7770343,
              18.4802807
            ],
            [
              73.7767339,
              18.4852056
            ],
            [
              73.7754035,
              18.4874034
            ],
            [
              73.772335,
              18.4888891
            ],
            [
              73.7690734,
              18.4866098
            ],
            [
              73.7664126,
              18.4855516
            ],
            [
              73.7641811,
              18.484819
            ],
            [
              73.7621211,
              18.484819
            ],
            [
              73.7587737,
              18.4859586
            ],
            [
              73.7555122,
              18.487668
            ],
            [
              73.7515885,
              18.4898474
            ],
            [
              73.7511641,
              18.4880982
            ],
            [
              73.7500123,
              18.48654
            ],
            [
              73.7480266,
              18.4839336
            ],
            [
              73.7461921,
              18.4835902
            ],
            [
              73.7440991,
              18.4836385
            ],
            [
              73.7429525,
              18.4875446
            ],
            [
              73.7389468,
              18.4896217
            ],
            [
              73.7384318,
              18.4869354
            ],
            [
              73.7369727,
              18.4818071
            ],
            [
              73.7315654,
              18.4789579
            ],
            [
              73.732252,
              18.474562
            ],
            [
              73.7304496,
              18.4737479
            ],
            [
              73.7265014,
              18.473178
            ],
            [
              73.7198066,
              18.4670723
            ],
            [
              73.7180041,
              18.466421
            ],
            [
              73.7145709,
              18.4681307
            ],
            [
              73.7105369,
              18.4689448
            ],
            [
              73.7052154,
              18.4697589
            ],
            [
              73.6990356,
              18.4702473
            ],
            [
              73.6944865,
              18.4691076
            ],
            [
              73.6888217,
              18.4631645
            ],
            [
              73.6834144,
              18.4557558
            ],
            [
              73.680582,
              18.455593
            ],
            [
              73.6765479,
              18.455593
            ],
            [
              73.669939,
              18.4549417
            ],
            [
              73.6651324,
              18.4547788
            ],
            [
              73.6594676,
              18.4554302
            ],
            [
              73.6561202,
              18.454616
            ],
            [
              73.651142,
              18.4529876
            ],
            [
              73.6459064,
              18.4506265
            ],
            [
              73.6400699,
              18.4475326
            ],
            [
              73.6362933,
              18.4446829
            ],
            [
              73.6346625,
              18.4412631
            ],
            [
              73.63595,
              18.438739
            ],
            [
              73.6375808,
              18.4355634
            ],
            [
              73.6402415,
              18.4345863
            ],
            [
              73.6431598,
              18.4334463
            ],
            [
              73.6447906,
              18.4334463
            ],
            [
              73.6453914,
              18.4314921
            ],
            [
              73.6453914,
              18.4288864
            ],
            [
              73.6457347,
              18.4265249
            ],
            [
              73.6468505,
              18.4257106
            ],
            [
              73.6492364,
              18.4257106
            ],
            [
              73.6497687,
              18.4257106
            ],
            [
              73.6520003,
              18.425222
            ],
            [
              73.6530303,
              18.4239191
            ],
            [
              73.6557769,
              18.4209061
            ],
            [
              73.657751,
              18.4191146
            ],
            [
              73.6615275,
              18.4178931
            ],
            [
              73.6641883,
              18.4190332
            ],
            [
              73.6671065,
              18.4218019
            ],
            [
              73.6712264,
              18.4248149
            ],
            [
              73.6744022,
              18.426932
            ],
            [
              73.6787795,
              18.4292121
            ],
            [
              73.6849593,
              18.4298635
            ],
            [
              73.6854743,
              18.4273392
            ],
            [
              73.6833285,
              18.4241634
            ],
            [
              73.6748313,
              18.418056
            ],
            [
              73.6711406,
              18.4151243
            ],
            [
              73.6688232,
              18.4136585
            ],
            [
              73.6681365,
              18.4111339
            ],
            [
              73.6689948,
              18.4086093
            ],
            [
              73.6705398,
              18.4064105
            ],
            [
              73.6713981,
              18.4048631
            ],
            [
              73.6707973,
              18.40299
            ],
            [
              73.6684798,
              18.4014426
            ],
            [
              73.6655616,
              18.4019312
            ],
            [
              73.6629867,
              18.4020127
            ],
            [
              73.6569785,
              18.4026642
            ],
            [
              73.6508845,
              18.4047002
            ],
            [
              73.642044,
              18.409098
            ],
            [
              73.639984,
              18.4054332
            ],
            [
              73.6393832,
              18.4026642
            ],
            [
              73.6409282,
              18.398755
            ],
            [
              73.6423015,
              18.3933796
            ],
            [
              73.6422156,
              18.3892259
            ],
            [
              73.6450481,
              18.3876783
            ],
            [
              73.6466788,
              18.3875969
            ],
            [
              73.6504554,
              18.3882485
            ],
            [
              73.652687,
              18.3880041
            ],
            [
              73.6556911,
              18.3853163
            ],
            [
              73.6586951,
              18.3845018
            ],
            [
              73.6612701,
              18.3842575
            ],
            [
              73.6635875,
              18.3851534
            ],
            [
              73.6641883,
              18.3813252
            ],
            [
              73.6644458,
              18.3782301
            ],
            [
              73.6651324,
              18.3737501
            ],
            [
              73.6653899,
              18.3713064
            ],
            [
              73.6672782,
              18.3665004
            ],
            [
              73.6700248,
              18.3654415
            ],
            [
              73.6721706,
              18.3686998
            ],
            [
              73.673973,
              18.3734243
            ],
            [
              73.6749171,
              18.3758679
            ],
            [
              73.6766337,
              18.3780671
            ],
            [
              73.6792087,
              18.3802664
            ],
            [
              73.6814403,
              18.3827099
            ],
            [
              73.6822127,
              18.3860494
            ],
            [
              73.6811828,
              18.388167
            ],
            [
              73.6811828,
              18.3910177
            ],
            [
              73.6831569,
              18.3924023
            ],
            [
              73.6869334,
              18.3924837
            ],
            [
              73.6895942,
              18.3914249
            ],
            [
              73.6918258,
              18.3910177
            ],
            [
              73.694744,
              18.3906919
            ],
            [
              73.6959457,
              18.3876783
            ],
            [
              73.694744,
              18.3826285
            ],
            [
              73.6937999,
              18.3774155
            ],
            [
              73.6933707,
              18.3734243
            ],
            [
              73.6924266,
              18.3687812
            ],
            [
              73.6936282,
              18.3649527
            ],
            [
              73.696289,
              18.3633235
            ],
            [
              73.7006663,
              18.3634864
            ],
            [
              73.7016963,
              18.3672336
            ],
            [
              73.7034129,
              18.370166
            ],
            [
              73.7047004,
              18.3705733
            ],
            [
              73.7110519,
              18.3694329
            ],
            [
              73.7105369,
              18.3659302
            ],
            [
              73.7080478,
              18.359169
            ],
            [
              73.710966,
              18.3550144
            ],
            [
              73.712511,
              18.3514299
            ],
            [
              73.7120818,
              18.3408391
            ],
            [
              73.7135409,
              18.3348102
            ],
            [
              73.7135409,
              18.3308179
            ],
            [
              73.7122535,
              18.3264997
            ],
            [
              73.711996,
              18.3184332
            ],
            [
              73.7127685,
              18.3164777
            ],
            [
              73.7152576,
              18.3118331
            ],
            [
              73.7168025,
              18.3060476
            ],
            [
              73.7163734,
              18.3023807
            ],
            [
              73.7156867,
              18.2974913
            ],
            [
              73.7149142,
              18.2947206
            ],
            [
              73.7113093,
              18.2915423
            ],
            [
              73.7127685,
              18.2878751
            ],
            [
              73.7149142,
              18.2866526
            ],
            [
              73.7180041,
              18.2847782
            ],
            [
              73.7215232,
              18.2828223
            ],
            [
              73.7246131,
              18.2816813
            ],
            [
              73.7300204,
              18.2815183
            ],
            [
              73.7315654,
              18.2840448
            ],
            [
              73.7319087,
              18.289179
            ],
            [
              73.7339686,
              18.2955355
            ],
            [
              73.7386893,
              18.2977358
            ],
            [
              73.7411784,
              18.2987137
            ],
            [
              73.7426375,
              18.3025437
            ],
            [
              73.7410926,
              18.3052328
            ],
            [
              73.7397193,
              18.3086552
            ],
            [
              73.7380885,
              18.312322
            ],
            [
              73.7379169,
              18.3159073
            ],
            [
              73.7418651,
              18.3204702
            ],
            [
              73.742895,
              18.3224258
            ],
            [
              73.7450408,
              18.3247886
            ],
            [
              73.7474441,
              18.3264997
            ],
            [
              73.750534,
              18.3263367
            ],
            [
              73.7537955,
              18.3241368
            ],
            [
              73.7571429,
              18.3215295
            ],
            [
              73.760147,
              18.3189221
            ],
            [
              73.7640094,
              18.3155814
            ],
            [
              73.7659835,
              18.3104479
            ],
            [
              73.7681293,
              18.3071885
            ],
            [
              73.7686442,
              18.3038475
            ],
            [
              73.7685584,
              18.2988766
            ],
            [
              73.7693309,
              18.2983877
            ],
            [
              73.7737941,
              18.2978173
            ],
            [
              73.7748241,
              18.3006694
            ],
            [
              73.7749957,
              18.3022177
            ],
            [
              73.7788581,
              18.3027881
            ],
            [
              73.7805747,
              18.3041734
            ],
            [
              73.7826346,
              18.3061291
            ],
            [
              73.786497,
              18.3084922
            ],
            [
              73.7896728,
              18.3110998
            ],
            [
              73.7939643,
              18.3168851
            ],
            [
              73.7974834,
              18.3197369
            ],
            [
              73.7973117,
              18.3226702
            ],
            [
              73.7972259,
              18.3251145
            ],
            [
              73.8038348,
              18.3322845
            ],
            [
              73.8113021,
              18.3344843
            ],
            [
              73.8126754,
              18.3363581
            ],
            [
              73.8125037,
              18.3393726
            ],
            [
              73.8125037,
              18.3414094
            ],
            [
              73.8124179,
              18.3436905
            ],
            [
              73.8118171,
              18.3464605
            ],
            [
              73.8109588,
              18.3483342
            ],
            [
              73.8115596,
              18.3506968
            ],
            [
              73.8126754,
              18.3515114
            ],
            [
              73.8150786,
              18.3509412
            ],
            [
              73.818941,
              18.3504524
            ],
            [
              73.8213443,
              18.351267
            ],
            [
              73.8217734,
              18.3538739
            ],
            [
              73.8216018,
              18.3577027
            ],
            [
              73.8225459,
              18.3589246
            ],
            [
              73.8261508,
              18.3563993
            ],
            [
              73.8276099,
              18.3541998
            ],
            [
              73.8284682,
              18.3524075
            ],
            [
              73.8312148,
              18.3492304
            ],
            [
              73.8304423,
              18.3434461
            ],
            [
              73.8319873,
              18.3402688
            ],
            [
              73.8345622,
              18.3386394
            ],
            [
              73.8385963,
              18.3365211
            ],
            [
              73.8409137,
              18.333751
            ],
            [
              73.8421153,
              18.3322845
            ],
            [
              73.8427161,
              18.3300032
            ],
            [
              73.842802,
              18.3278033
            ],
            [
              73.8435744,
              18.3239739
            ],
            [
              73.8459777,
              18.3209591
            ],
            [
              73.8485526,
              18.3213665
            ],
            [
              73.8493251,
              18.3221813
            ],
            [
              73.8504409,
              18.3257664
            ],
            [
              73.8519858,
              18.3279663
            ],
            [
              73.8542174,
              18.3298402
            ],
            [
              73.856964,
              18.3322845
            ],
            [
              73.8597106,
              18.3352175
            ],
            [
              73.8622855,
              18.3384764
            ],
            [
              73.8608264,
              18.3414909
            ],
            [
              73.8565349,
              18.3467863
            ],
            [
              73.8526725,
              18.3607982
            ],
            [
              73.8510417,
              18.3643825
            ],
            [
              73.847351,
              18.3681296
            ],
            [
              73.841257,
              18.3725283
            ],
            [
              73.8338756,
              18.3802664
            ],
            [
              73.8317298,
              18.3849091
            ],
            [
              73.8312148,
              18.3894702
            ],
            [
              73.8313865,
              18.3935425
            ],
            [
              73.8448619,
              18.3977777
            ],
            [
              73.8497542,
              18.4034786
            ],
            [
              73.8518142,
              18.3993251
            ],
            [
              73.8551616,
              18.3982663
            ],
            [
              73.8567924,
              18.4003024
            ],
            [
              73.8581657,
              18.4021756
            ],
            [
              73.8607406,
              18.4014426
            ],
            [
              73.8634013,
              18.3984292
            ],
            [
              73.8662337,
              18.3986735
            ],
            [
              73.8680362,
              18.4012797
            ],
            [
              73.8706969,
              18.4014426
            ],
            [
              73.8727569,
              18.3989179
            ],
            [
              73.8721561,
              18.3959044
            ],
            [
              73.8715552,
              18.394357
            ],
            [
              73.8695811,
              18.3919136
            ],
            [
              73.8658046,
              18.3893887
            ],
            [
              73.8616847,
              18.3872711
            ],
            [
              73.8606547,
              18.3851534
            ],
            [
              73.8601398,
              18.3809994
            ],
            [
              73.8586806,
              18.3752163
            ],
            [
              73.8581657,
              18.371062
            ],
            [
              73.8607406,
              18.3722839
            ],
            [
              73.8642596,
              18.3743203
            ],
            [
              73.8670062,
              18.3726097
            ],
            [
              73.8721561,
              18.3707362
            ],
            [
              73.8793658,
              18.3680481
            ],
            [
              73.884344,
              18.3722839
            ],
            [
              73.8851165,
              18.3754606
            ],
            [
              73.8861465,
              18.3777413
            ],
            [
              73.8876914,
              18.3812438
            ],
            [
              73.8882922,
              18.3857236
            ],
            [
              73.8886355,
              18.389063
            ],
            [
              73.8891505,
              18.3929724
            ],
            [
              73.8868331,
              18.3977777
            ],
            [
              73.8856315,
              18.4020941
            ],
            [
              73.8921546,
              18.410971
            ],
            [
              73.8946437,
              18.4124369
            ],
            [
              73.8973044,
              18.4125183
            ],
            [
              73.8991299,
              18.4119935
            ],
            [
              73.9029693,
              18.4108896
            ],
            [
              73.90769,
              18.4101567
            ],
            [
              73.9116382,
              18.4095866
            ],
            [
              73.9163589,
              18.4097495
            ],
            [
              73.9200496,
              18.4115411
            ],
            [
              73.9251136,
              18.4147171
            ],
            [
              73.9404773,
              18.4145542
            ],
            [
              73.9445113,
              18.4152872
            ],
            [
              73.9509486,
              18.4149614
            ],
            [
              73.9559268,
              18.413577
            ],
            [
              73.9607333,
              18.4087722
            ],
            [
              73.9733504,
              18.4064919
            ],
            [
              73.9831351,
              18.4108082
            ],
            [
              73.9866542,
              18.4115411
            ],
            [
              73.9922332,
              18.411704
            ],
            [
              73.9995288,
              18.4121926
            ],
            [
              74.002447,
              18.4147986
            ],
            [
              74.0053653,
              18.4201732
            ],
            [
              74.009571,
              18.4259549
            ],
            [
              74.0131759,
              18.4279906
            ],
            [
              74.0179824,
              18.4305964
            ],
            [
              74.0192699,
              18.4314106
            ],
            [
              74.0209865,
              18.4303521
            ],
            [
              74.0226173,
              18.4288864
            ],
            [
              74.0258788,
              18.4275835
            ],
            [
              74.029312,
              18.4265249
            ],
            [
              74.0330028,
              18.4257106
            ],
            [
              74.0362643,
              18.4251406
            ],
            [
              74.0390109,
              18.422209
            ],
            [
              74.0395259,
              18.418626
            ],
            [
              74.0415,
              18.4165087
            ],
            [
              74.0457057,
              18.4151243
            ],
            [
              74.0520572,
              18.4139028
            ],
            [
              74.0583228,
              18.4134141
            ],
            [
              74.0660476,
              18.4126812
            ],
            [
              74.0695666,
              18.4134956
            ],
            [
              74.0720557,
              18.4159387
            ],
            [
              74.0798663,
              18.4185446
            ],
            [
              74.0839862,
              18.4195218
            ],
            [
              74.0869044,
              18.4200104
            ],
            [
              74.090681,
              18.4187074
            ],
            [
              74.0928268,
              18.4169973
            ],
            [
              74.0964316,
              18.4151243
            ],
            [
              74.1011523,
              18.4146357
            ],
            [
              74.1047572,
              18.4152057
            ],
            [
              74.107933,
              18.4162644
            ],
            [
              74.113512,
              18.4159387
            ],
            [
              74.1201209,
              18.4157758
            ],
            [
              74.1232967,
              18.416183
            ],
            [
              74.127159,
              18.4181374
            ],
            [
              74.1317939,
              18.4207433
            ],
            [
              74.1363429,
              18.4219647
            ],
            [
              74.1401195,
              18.421639
            ],
            [
              74.1432952,
              18.4206618
            ],
            [
              74.1437244,
              18.4450085
            ],
            [
              74.143896,
              18.4538018
            ],
            [
              74.1415786,
              18.4611292
            ],
            [
              74.1415786,
              18.4703287
            ],
            [
              74.1453551,
              18.4700845
            ],
            [
              74.1487884,
              18.4708172
            ],
            [
              74.1499042,
              18.473178
            ],
            [
              74.1509341,
              18.477167
            ],
            [
              74.1522216,
              18.4822955
            ],
            [
              74.1532516,
              18.4849818
            ],
            [
              74.1529082,
              18.4913311
            ],
            [
              74.1533374,
              18.4944242
            ],
            [
              74.1575431,
              18.4961335
            ],
            [
              74.161148,
              18.4960522
            ],
            [
              74.1669845,
              18.4954824
            ],
            [
              74.1713618,
              18.4946684
            ],
            [
              74.1739368,
              18.4940172
            ],
            [
              74.1771983,
              18.4953196
            ],
            [
              74.1776275,
              18.4977615
            ],
            [
              74.1784858,
              18.5036219
            ],
            [
              74.1802882,
              18.5138772
            ],
            [
              74.1796874,
              18.5177838
            ],
            [
              74.1795158,
              18.5193302
            ],
            [
              74.1807174,
              18.5212834
            ],
            [
              74.1825198,
              18.5250271
            ],
            [
              74.1837215,
              18.5281196
            ],
            [
              74.1823482,
              18.5317818
            ],
            [
              74.1795158,
              18.5336535
            ],
            [
              74.1753959,
              18.5357693
            ],
            [
              74.1716193,
              18.5383734
            ],
            [
              74.1716193,
              18.5410589
            ],
            [
              74.170761,
              18.5544853
            ],
            [
              74.1713618,
              18.5611575
            ],
            [
              74.171276,
              18.5698634
            ],
            [
              74.1693877,
              18.5796266
            ],
            [
              74.1739416,
              18.5840201
            ],
            [
              74.1790008,
              18.5856469
            ],
            [
              74.1811465,
              18.5867045
            ],
            [
              74.1833781,
              18.588413
            ],
            [
              74.1882705,
              18.5915857
            ],
            [
              74.1918754,
              18.5954905
            ],
            [
              74.1935062,
              18.5981751
            ],
            [
              74.1945361,
              18.6011036
            ],
            [
              74.1953086,
              18.606147
            ],
            [
              74.1959094,
              18.6122478
            ],
            [
              74.1960811,
              18.6172095
            ],
            [
              74.1923045,
              18.6179416
            ],
            [
              74.1905021,
              18.6189177
            ],
            [
              74.1866397,
              18.6190803
            ],
            [
              74.1808032,
              18.618999
            ],
            [
              74.1764258,
              18.6205444
            ],
            [
              74.172306,
              18.6220898
            ],
            [
              74.1674995,
              18.6213578
            ],
            [
              74.161663,
              18.6161521
            ],
            [
              74.1584872,
              18.6137933
            ],
            [
              74.1554832,
              18.6097262
            ],
            [
              74.1521358,
              18.6039507
            ],
            [
              74.1481017,
              18.6033813
            ],
            [
              74.1446685,
              18.6052522
            ],
            [
              74.1399478,
              18.6080179
            ],
            [
              74.1348838,
              18.6110276
            ],
            [
              74.1299056,
              18.6155827
            ],
            [
              74.1255282,
              18.6189177
            ],
            [
              74.1187476,
              18.6211951
            ],
            [
              74.1162585,
              18.6233099
            ],
            [
              74.1122245,
              18.6255873
            ],
            [
              74.1067313,
              18.6292473
            ],
            [
              74.0960025,
              18.6332326
            ],
            [
              74.0889644,
              18.6329073
            ],
            [
              74.0857886,
              18.6292473
            ],
            [
              74.0813254,
              18.6255873
            ],
            [
              74.0774631,
              18.6250993
            ],
            [
              74.0745448,
              18.6263193
            ],
            [
              74.0737723,
              18.628434
            ],
            [
              74.0723991,
              18.6326633
            ],
            [
              74.0707683,
              18.6342086
            ],
            [
              74.0664767,
              18.6372179
            ],
            [
              74.0602969,
              18.6422602
            ],
            [
              74.0563487,
              18.6472211
            ],
            [
              74.0529155,
              18.6517753
            ],
            [
              74.0508556,
              18.6544589
            ],
            [
              74.0487098,
              18.6567359
            ],
            [
              74.0450191,
              18.6593381
            ],
            [
              74.040985,
              18.6604766
            ],
            [
              74.0335178,
              18.6623469
            ],
            [
              74.0260505,
              18.6632414
            ],
            [
              74.0165662,
              18.6640139
            ],
            [
              74.0124464,
              18.6641358
            ],
            [
              74.008584,
              18.6646237
            ],
            [
              74.0049791,
              18.6657622
            ],
            [
              73.9995718,
              18.6688928
            ],
            [
              73.9969968,
              18.6730805
            ],
            [
              73.9942503,
              18.6758044
            ],
            [
              73.9935636,
              18.677268
            ],
            [
              73.9924478,
              18.6793414
            ],
            [
              73.9915895,
              18.6800732
            ],
            [
              73.9891862,
              18.6809676
            ],
            [
              73.9863967,
              18.6802358
            ],
            [
              73.9839077,
              18.6782031
            ],
            [
              73.9837789,
              18.6754792
            ],
            [
              73.9844226,
              18.673487
            ],
            [
              73.9854097,
              18.6722267
            ],
            [
              73.9877271,
              18.6702345
            ],
            [
              73.9890146,
              18.6671039
            ],
            [
              73.9897871,
              18.6647051
            ],
            [
              73.9884996,
              18.6630381
            ],
            [
              73.9869117,
              18.6618996
            ],
            [
              73.984723,
              18.6612897
            ],
            [
              73.9819765,
              18.6605579
            ],
            [
              73.9804744,
              18.6590941
            ],
            [
              73.9786291,
              18.6558007
            ],
            [
              73.9783287,
              18.6534017
            ],
            [
              73.979187,
              18.6519379
            ],
            [
              73.9810323,
              18.6508807
            ],
            [
              73.9836072,
              18.6492949
            ],
            [
              73.9845514,
              18.6470178
            ],
            [
              73.9846372,
              18.6409589
            ],
            [
              73.9844656,
              18.6371365
            ],
            [
              73.9839935,
              18.6345746
            ],
            [
              73.982234,
              18.6315653
            ],
            [
              73.9802599,
              18.628434
            ],
            [
              73.9762687,
              18.6251399
            ],
            [
              73.9712905,
              18.6217238
            ],
            [
              73.967514,
              18.619609
            ],
            [
              73.9651107,
              18.619243
            ],
            [
              73.9633941,
              18.6203817
            ],
            [
              73.9623642,
              18.6221305
            ],
            [
              73.9628362,
              18.6241639
            ],
            [
              73.9645099,
              18.6264413
            ],
            [
              73.9658832,
              18.6284746
            ],
            [
              73.9683723,
              18.63124
            ],
            [
              73.9684581,
              18.6345339
            ],
            [
              73.9679861,
              18.6352659
            ],
            [
              73.9666986,
              18.6367705
            ],
            [
              73.96348,
              18.6382751
            ],
            [
              73.9606905,
              18.6391697
            ],
            [
              73.9572572,
              18.640227
            ],
            [
              73.9551115,
              18.6414062
            ],
            [
              73.9510774,
              18.6431141
            ],
            [
              73.9475154,
              18.6436834
            ],
            [
              73.9448118,
              18.6452693
            ],
            [
              73.9410781,
              18.6503114
            ],
            [
              73.9405202,
              18.6543775
            ],
            [
              73.9406061,
              18.6573458
            ],
            [
              73.9406919,
              18.659704
            ],
            [
              73.9404344,
              18.6615337
            ],
            [
              73.9394044,
              18.6627128
            ],
            [
              73.9362287,
              18.6628348
            ],
            [
              73.9344692,
              18.6604765
            ],
            [
              73.9318084,
              18.6577117
            ],
            [
              73.9296197,
              18.6559633
            ],
            [
              73.9256286,
              18.6539709
            ],
            [
              73.9237403,
              18.6532797
            ],
            [
              73.9210367,
              18.653117
            ],
            [
              73.9188909,
              18.6539709
            ],
            [
              73.9161872,
              18.6558007
            ],
            [
              73.9139556,
              18.6575897
            ],
            [
              73.9121532,
              18.6584842
            ],
            [
              73.9086341,
              18.6584436
            ],
            [
              73.9050293,
              18.6621842
            ],
            [
              73.9018964,
              18.6659248
            ],
            [
              73.8998365,
              18.6686489
            ],
            [
              73.8982486,
              18.6719014
            ],
            [
              73.8968753,
              18.6752759
            ],
            [
              73.8946008,
              18.6775526
            ],
            [
              73.8915968,
              18.6785283
            ],
            [
              73.8855886,
              18.6793821
            ],
            [
              73.8839149,
              18.679626
            ],
            [
              73.8821554,
              18.6812929
            ],
            [
              73.8809537,
              18.6833662
            ],
            [
              73.8784217,
              18.6857648
            ],
            [
              73.8744735,
              18.6877974
            ],
            [
              73.8710403,
              18.689017
            ],
            [
              73.8690662,
              18.6887324
            ],
            [
              73.8667917,
              18.6873096
            ],
            [
              73.8644313,
              18.6852363
            ],
            [
              73.8628864,
              18.6834475
            ],
            [
              73.8604831,
              18.6814961
            ],
            [
              73.8569212,
              18.6821059
            ],
            [
              73.8555528,
              18.6845175
            ],
            [
              73.8550758,
              18.6853582
            ],
            [
              73.8530159,
              18.6884885
            ],
            [
              73.8438749,
              18.6886511
            ],
            [
              73.8410854,
              18.6884479
            ],
            [
              73.8383388,
              18.688895
            ],
            [
              73.8343906,
              18.6898707
            ],
            [
              73.8302278,
              18.6901146
            ],
            [
              73.8256788,
              18.6895048
            ],
            [
              73.8229322,
              18.6884072
            ],
            [
              73.820486,
              18.6872689
            ],
            [
              73.8173103,
              18.6869844
            ],
            [
              73.8161945,
              18.6888544
            ],
            [
              73.8150787,
              18.6958871
            ],
            [
              73.8150438,
              18.6964925
            ],
            [
              73.8149499,
              18.6981229
            ],
            [
              73.8145208,
              18.7010091
            ],
            [
              73.8139574,
              18.703563
            ],
            [
              73.81392,
              18.7037326
            ],
            [
              73.8130188,
              18.7046675
            ],
            [
              73.8101005,
              18.7053992
            ],
            [
              73.8084548,
              18.7047311
            ],
            [
              73.8076973,
              18.7044236
            ],
            [
              73.8050794,
              18.7033261
            ],
            [
              73.8034915,
              18.7029196
            ],
            [
              73.8007021,
              18.7036106
            ],
            [
              73.7985134,
              18.7055211
            ],
            [
              73.7922477,
              18.7139351
            ],
            [
              73.7901449,
              18.7166178
            ],
            [
              73.7880849,
              18.7187314
            ],
            [
              73.7873983,
              18.7213733
            ],
            [
              73.7857675,
              18.7261693
            ],
            [
              73.7839222,
              18.7297053
            ],
            [
              73.7804889,
              18.7328347
            ],
            [
              73.777914,
              18.7345417
            ],
            [
              73.7752103,
              18.7368989
            ],
            [
              73.7702322,
              18.7394592
            ],
            [
              73.767445,
              18.7390135
            ],
            [
              73.7675285,
              18.7361267
            ],
            [
              73.7665844,
              18.7331192
            ],
            [
              73.7666273,
              18.7274292
            ],
            [
              73.7652969,
              18.7226333
            ],
            [
              73.7647819,
              18.7210075
            ],
            [
              73.7630653,
              18.7190972
            ],
            [
              73.7609195,
              18.7181623
            ],
            [
              73.7589025,
              18.718772
            ],
            [
              73.7569713,
              18.7205197
            ],
            [
              73.7552547,
              18.721983
            ],
            [
              73.7527656,
              18.7221862
            ],
            [
              73.7502336,
              18.7188127
            ],
            [
              73.7486887,
              18.7161707
            ],
            [
              73.7471437,
              18.7137726
            ],
            [
              73.7452983,
              18.7108053
            ],
            [
              73.7450409,
              18.7078381
            ],
            [
              73.7440967,
              18.7045455
            ],
            [
              73.7425518,
              18.7028383
            ],
            [
              73.739376,
              18.7030415
            ],
            [
              73.7349987,
              18.704261
            ],
            [
              73.7327241,
              18.7058869
            ],
            [
              73.7303638,
              18.7075942
            ],
            [
              73.7286901,
              18.7084478
            ],
            [
              73.7255144,
              18.7080006
            ],
            [
              73.7244415,
              18.7081632
            ]
          ]
        ]
      }
    },
    {
      "type": "Feature",
      "geometry": {
        "type": "Point",
        "coordinates": [
          73.8545071,
          18.5213738
        ]
      },
      "properties": {
        "name": "Pune",
        "osm_type": "node",
        "osm_id": 16174445,
        "place": "city",
        "population": 3115431,
        "_label": "City center point only, no polygon exists in OSM for PMC"
      }
    },
    {
      "type": "Feature",
      "geometry": {
        "type": "Point",
        "coordinates": [
          73.8009829,
          18.6279288
        ]
      },
      "properties": {
        "name": "Pimpri-Chinchwad",
        "osm_type": "node",
        "osm_id": 1600720975,
        "place": "city",
        "population": 1729320,
        "short_name": "PCMC",
        "_label": "City center point only, no polygon exists in OSM for PCMC"
      }
    }
  ]
}